{
    "name": "root",
    "gauges": {
        "Agent.Policy.Entropy.mean": {
            "value": 2.9720780849456787,
            "min": 2.6224682331085205,
            "max": 3.129957437515259,
            "count": 10
        },
        "Agent.Policy.ExtrinsicValueEstimate.mean": {
            "value": 136.2326202392578,
            "min": 135.4586181640625,
            "max": 137.1702423095703,
            "count": 10
        },
        "Agent.Policy.GAILValueEstimate.mean": {
            "value": 0.01571090705692768,
            "min": 0.0002093006914947182,
            "max": 0.01941131241619587,
            "count": 10
        },
        "Agent.Environment.EpisodeLength.mean": {
            "value": 1202.3333333333333,
            "min": 1202.2857142857142,
            "max": 1234.1875,
            "count": 10
        },
        "Agent.Environment.CumulativeReward.mean": {
            "value": 1802.3261904943556,
            "min": 1801.1930233267851,
            "max": 1851.1875,
            "count": 10
        },
        "Agent.Policy.ExtrinsicReward.mean": {
            "value": 1802.3261904943556,
            "min": 1801.1930233267851,
            "max": 1851.1875,
            "count": 10
        },
        "Agent.Policy.GAILReward.mean": {
            "value": 0.0005267724182856238,
            "min": 0.00043516984477640736,
            "max": 0.00106104268627811,
            "count": 10
        },
        "Agent.Losses.ValueLoss.mean": {
            "value": 0.10868106782436371,
            "min": 0.016806691884994507,
            "max": 0.29834938049316406,
            "count": 10
        },
        "Agent.Losses.PolicyLoss.mean": {
            "value": 0.02525346539914608,
            "min": 0.022982792928814888,
            "max": 0.02660199999809265,
            "count": 10
        },
        "Agent.Policy.LearningRate.mean": {
            "value": 0.0002106209722114727,
            "min": 0.0002106209722114727,
            "max": 0.00022404060291592032,
            "count": 10
        },
        "Agent.Policy.Epsilon.mean": {
            "value": 0.1702069789171219,
            "min": 0.1702069789171219,
            "max": 0.1746801733970642,
            "count": 10
        },
        "Agent.Policy.Beta.mean": {
            "value": 0.00035401416243985295,
            "min": 0.00035401416243985295,
            "max": 0.00037593289744108915,
            "count": 10
        },
        "Agent.Losses.GAILLoss.mean": {
            "value": 0.0013583004474639893,
            "min": 0.0009335589711554348,
            "max": 0.34449493885040283,
            "count": 10
        },
        "Agent.Policy.GAILPolicyEstimate.mean": {
            "value": 6.900330390635645e-06,
            "min": 3.8076213968452066e-06,
            "max": 1.1764652299461886e-05,
            "count": 10
        },
        "Agent.Policy.GAILExpertEstimate.mean": {
            "value": 0.9999995231628418,
            "min": 0.9954708814620972,
            "max": 1.0,
            "count": 10
        },
        "Agent.Losses.PretrainingLoss.mean": {
            "value": 0.6778469681739807,
            "min": 0.6774638891220093,
            "max": 0.6791769862174988,
            "count": 10
        },
        "Agent.IsTraining.mean": {
            "value": 1.0,
            "min": 1.0,
            "max": 1.0,
            "count": 10
        }
    },
    "metadata": {
        "timer_format_version": "0.1.0",
        "start_time_seconds": "1649110379",
        "python_version": "3.7.9 (tags/v3.7.9:13c94747c7, Aug 17 2020, 18:58:18) [MSC v.1900 64 bit (AMD64)]",
        "command_line_arguments": "C:\\Users\\Yajas Malhotra\\AppData\\Local\\Programs\\Python\\Python37\\Scripts\\mlagents-learn config/agent_config.yaml --run-id=testfinal --env=Build/Build2/Final Project Testing V2 --num-envs=4 --resume",
        "mlagents_version": "0.17.0",
        "mlagents_envs_version": "0.17.0",
        "communication_protocol_version": "1.0.0",
        "tensorflow_version": "2.8.0",
        "end_time_seconds": "1649111302"
    },
    "total": 923.7722581,
    "count": 1,
    "self": 1.9676108000001022,
    "children": {
        "run_training.setup": {
            "total": 0.018113599999999952,
            "count": 1,
            "self": 0.018113599999999952
        },
        "TrainerController.start_learning": {
            "total": 921.7865337,
            "count": 1,
            "self": 324.7964563999949,
            "children": {
                "TrainerController._reset_env": {
                    "total": 5.975308999999999,
                    "count": 1,
                    "self": 5.975308999999999
                },
                "demo_to_buffer": {
                    "total": 0.933512799999999,
                    "count": 2,
                    "self": 0.002321199999999024,
                    "children": {
                        "load_demonstration": {
                            "total": 0.02542880000000025,
                            "count": 2,
                            "self": 0.010813399999999973,
                            "children": {
                                "read_file": {
                                    "total": 0.014615400000000278,
                                    "count": 2,
                                    "self": 0.014615400000000278
                                }
                            }
                        },
                        "make_demo_buffer": {
                            "total": 0.9057627999999998,
                            "count": 2,
                            "self": 0.13953320000005753,
                            "children": {
                                "steps_from_proto": {
                                    "total": 0.7662295999999422,
                                    "count": 4796,
                                    "self": 0.40853459999997455,
                                    "children": {
                                        "_process_vector_observation": {
                                            "total": 0.3576949999999677,
                                            "count": 19184,
                                            "self": 0.3576949999999677
                                        }
                                    }
                                }
                            }
                        }
                    }
                },
                "TrainerController.advance": {
                    "total": 589.606699700005,
                    "count": 130633,
                    "self": 1.9850491000114516,
                    "children": {
                        "env_step": {
                            "total": 587.6216505999936,
                            "count": 130633,
                            "self": 302.8971649999708,
                            "children": {
                                "SubprocessEnvManager._take_step": {
                                    "total": 281.8881772000111,
                                    "count": 248770,
                                    "self": 9.44228650001287,
                                    "children": {
                                        "NNPolicy.evaluate": {
                                            "total": 272.44589069999824,
                                            "count": 248583,
                                            "self": 272.44589069999824
                                        }
                                    }
                                },
                                "workers": {
                                    "total": 2.8363084000116565,
                                    "count": 130632,
                                    "self": 0.0,
                                    "children": {
                                        "worker_root": {
                                            "total": 3652.0352367000096,