{"cameraMode":{"drawMode":0,"name":"Shaded","section":"Shading Mode"},"sceneLighting":false,"audioPlay":false,"sceneViewState":{"showFog":true,"showMaterialUpdate":false,"showSkybox":false,"showFlares":true,"showImageEffects":true,"showParticleSystems":true},"in2DMode":false,"pivot":{"x":-0.047257423400878909,"y":-8.437141418457032,"z":4.257293224334717},"rotation":{"x":0.46442779898643496,"y":-0.4629465937614441,"z":0.31285491585731509,"w":0.6871967315673828},"size":22.986366271972658,"orthographic":false}