Steps,Policy/Entropy,Policy/Extrinsic Value Estimate,Environment/Episode Length,Environment/Cumulative Reward,Policy/Extrinsic Reward,Losses/Value Loss,Losses/Policy Loss,Policy/Learning Rate,Policy/Epsilon,Policy/Beta,Losses/Pretraining Loss,Is Training
50000,4.084693,-2.8799684,1231.2777777777778,954.3416640493605,954.3416640493605,404.96802,0.02512528,0.00029922635,0.19974212,0.00049873634,0.95418906,1.0
100000,3.7860458,5.901201,1202.2857142857142,1094.9357124056135,1094.9357124056135,454.4619,0.026136722,0.00029783646,0.1992788,0.0004964662,0.82471085,1.0
